timeStamp,elapsed,label,responseCode,responseMessage,threadName,dataType,success,failureMessage,bytes,sentBytes,grpThreads,allThreads,URL,Latency,IdleTime,Connect
1784783588159,1001,HTTP Request,200,OK,NON GUI TestCases Using CSV Files 1-1,text,true,,5022,129,6,6,https://www.demoblaze.com/index.html,997,0,555
1784783588292,941,HTTP Request,200,OK,NON GUI TestCases Using CSV Files 1-2,text,true,,5055,129,6,6,https://www.demoblaze.com/index.html,927,0,553
1784783588491,960,HTTP Request,200,OK,NON GUI TestCases Using CSV Files 1-3,text,true,,4945,129,7,7,https://www.demoblaze.com/index.html,951,0,554
1784783588889,626,HTTP Request,200,OK,NON GUI TestCases Using CSV Files 1-5,text,true,,17517,129,8,8,https://www.demoblaze.com/index.html,552,0,226
1784783588690,966,HTTP Request,200,OK,NON GUI TestCases Using CSV Files 1-4,text,true,,17517,129,8,8,https://www.demoblaze.com/index.html,895,0,538
1784783589089,619,HTTP Request,200,OK,NON GUI TestCases Using CSV Files 1-6,text,true,,4956,129,9,9,https://www.demoblaze.com/index.html,612,0,241
1784783589288,677,HTTP Request,200,OK,NON GUI TestCases Using CSV Files 1-7,text,true,,4975,129,10,10,https://www.demoblaze.com/index.html,672,0,512
1784783589490,709,HTTP Request,200,OK,NON GUI TestCases Using CSV Files 1-8,text,true,,17517,129,10,10,https://www.demoblaze.com/index.html,585,0,191
1784783589689,734,HTTP Request,200,OK,NON GUI TestCases Using CSV Files 1-9,text,true,,5126,129,10,10,https://www.demoblaze.com/index.html,720,0,270
1784783589163,1386,HTTP Request,200,OK,NON GUI TestCases Using CSV Files 1-1,text,true,,36392,152,10,10,https://www.easycalculation.com/date-day/age-calculator.php,1383,0,685
1784783589233,1431,HTTP Request,200,OK,NON GUI TestCases Using CSV Files 1-2,text,true,,36392,152,10,10,https://www.easycalculation.com/date-day/age-calculator.php,1002,0,642
1784783589890,1059,HTTP Request,200,OK,NON GUI TestCases Using CSV Files 1-10,text,true,,17517,129,10,10,https://www.demoblaze.com/index.html,944,0,481
1784783589451,1520,HTTP Request,200,OK,NON GUI TestCases Using CSV Files 1-3,text,true,,36392,152,10,10,https://www.easycalculation.com/date-day/age-calculator.php,1213,0,692
1784783589516,1472,HTTP Request,200,OK,NON GUI TestCases Using CSV Files 1-5,text,true,,36392,152,10,10,https://www.easycalculation.com/date-day/age-calculator.php,1156,0,699
1784783589657,1453,HTTP Request,200,OK,NON GUI TestCases Using CSV Files 1-4,text,true,,36392,152,10,10,https://www.easycalculation.com/date-day/age-calculator.php,1057,0,705
1784783589709,1513,HTTP Request,200,OK,NON GUI TestCases Using CSV Files 1-6,text,true,,36392,152,10,10,https://www.easycalculation.com/date-day/age-calculator.php,1505,0,739
1784783589966,1526,HTTP Request,200,OK,NON GUI TestCases Using CSV Files 1-7,text,true,,36392,152,10,10,https://www.easycalculation.com/date-day/age-calculator.php,1144,0,758
1784783590200,1558,HTTP Request,200,OK,NON GUI TestCases Using CSV Files 1-8,text,true,,36392,152,10,10,https://www.easycalculation.com/date-day/age-calculator.php,1095,0,763
1784783590424,1594,HTTP Request,200,OK,NON GUI TestCases Using CSV Files 1-9,text,true,,36392,152,10,10,https://www.easycalculation.com/date-day/age-calculator.php,1136,0,791
1784783590950,1458,HTTP Request,200,OK,NON GUI TestCases Using CSV Files 1-10,text,true,,36392,152,10,10,https://www.easycalculation.com/date-day/age-calculator.php,1134,0,817
1784783590665,2075,HTTP Request,200,OK,NON GUI TestCases Using CSV Files 1-2,text,true,,363961,166,10,10,https://www.hollandandbarrett.com/shop/food-drink/?t=has_promotion%3Atrue,1272,0,172
1784783590989,2065,HTTP Request,200,OK,NON GUI TestCases Using CSV Files 1-5,text,true,,359679,166,10,10,https://www.hollandandbarrett.com/shop/food-drink/?t=has_promotion%3Atrue,1110,0,220
1784783590550,2648,HTTP Request,200,OK,NON GUI TestCases Using CSV Files 1-1,text,true,,1163689,166,10,10,https://www.hollandandbarrett.com/shop/food-drink/?t=has_promotion%3Atrue,1229,0,128
1784783591110,2155,HTTP Request,200,OK,NON GUI TestCases Using CSV Files 1-4,text,true,,365259,166,10,10,https://www.hollandandbarrett.com/shop/food-drink/?t=has_promotion%3Atrue,1487,0,164
1784783591222,2140,HTTP Request,200,OK,NON GUI TestCases Using CSV Files 1-6,text,true,,362433,166,10,10,https://www.hollandandbarrett.com/shop/food-drink/?t=has_promotion%3Atrue,1425,0,447
1784783591759,1687,HTTP Request,200,OK,NON GUI TestCases Using CSV Files 1-8,text,true,,360996,166,10,10,https://www.hollandandbarrett.com/shop/food-drink/?t=has_promotion%3Atrue,1031,0,80
1784783592741,815,HTTP Request,200,OK,NON GUI TestCases Using CSV Files 1-2,text,true,,266651,128,10,10,https://www.selenium.dev/downloads/,464,0,174
1784783591493,2299,HTTP Request,200,OK,NON GUI TestCases Using CSV Files 1-7,text,true,,362393,166,10,10,https://www.hollandandbarrett.com/shop/food-drink/?t=has_promotion%3Atrue,1214,0,301
1784783593265,1036,HTTP Request,200,OK,NON GUI TestCases Using CSV Files 1-4,text,true,,266649,128,10,10,https://www.selenium.dev/downloads/,515,0,189
1784783593055,1264,HTTP Request,200,OK,NON GUI TestCases Using CSV Files 1-5,text,true,,266649,128,10,10,https://www.selenium.dev/downloads/,339,0,211
1784783593197,1132,HTTP Request,200,OK,NON GUI TestCases Using CSV Files 1-1,text,true,,266649,128,10,10,https://www.selenium.dev/downloads/,507,0,249
1784783593556,867,HTTP Request,200,OK,NON GUI TestCases Using CSV Files 1-2,text,true,,18888,138,10,10,https://jmeter.apache.org/download_jmeter.cgi,762,0,463
1784783592019,2406,HTTP Request,200,OK,NON GUI TestCases Using CSV Files 1-9,text,true,,360159,166,10,10,https://www.hollandandbarrett.com/shop/food-drink/?t=has_promotion%3Atrue,1068,0,160
1784783593361,1081,HTTP Request,200,OK,NON GUI TestCases Using CSV Files 1-6,text,true,,266649,128,10,10,https://www.selenium.dev/downloads/,620,0,312
1784783590972,3550,HTTP Request,200,OK,NON GUI TestCases Using CSV Files 1-3,text,true,,1163812,166,10,10,https://www.hollandandbarrett.com/shop/food-drink/?t=has_promotion%3Atrue,1205,0,154
1784783593791,1242,HTTP Request,200,OK,NON GUI TestCases Using CSV Files 1-7,text,true,,266649,128,10,10,https://www.selenium.dev/downloads/,422,0,283
1784783593446,1645,HTTP Request,200,OK,NON GUI TestCases Using CSV Files 1-8,text,true,,266649,128,10,10,https://www.selenium.dev/downloads/,663,0,548
1784783592409,3010,HTTP Request,200,OK,NON GUI TestCases Using CSV Files 1-10,text,true,,361047,166,10,10,https://www.hollandandbarrett.com/shop/food-drink/?t=has_promotion%3Atrue,1542,0,172
1784783594330,1332,HTTP Request,200,OK,NON GUI TestCases Using CSV Files 1-1,text,true,,18944,138,10,10,https://jmeter.apache.org/download_jmeter.cgi,1020,0,485
1784783594424,1380,HTTP Request,200,OK,NON GUI TestCases Using CSV Files 1-2,text,true,,12628,120,10,10,https://www.jenkins.io/doc/,1299,0,1052
1784783594443,1386,HTTP Request,200,OK,NON GUI TestCases Using CSV Files 1-6,text,true,,18944,138,10,10,https://jmeter.apache.org/download_jmeter.cgi,1219,0,832
1784783594302,1529,HTTP Request,200,OK,NON GUI TestCases Using CSV Files 1-4,text,true,,18924,138,10,10,https://jmeter.apache.org/download_jmeter.cgi,1420,0,514
1784783594319,1518,HTTP Request,200,OK,NON GUI TestCases Using CSV Files 1-5,text,true,,18951,138,10,10,https://jmeter.apache.org/download_jmeter.cgi,1364,0,497
1784783595034,1096,HTTP Request,200,OK,NON GUI TestCases Using CSV Files 1-7,text,true,,18897,138,10,10,https://jmeter.apache.org/download_jmeter.cgi,864,0,443
1784783595092,1041,HTTP Request,200,OK,NON GUI TestCases Using CSV Files 1-8,text,true,,18952,138,10,10,https://jmeter.apache.org/download_jmeter.cgi,809,0,385
1784783595662,573,HTTP Request,200,OK,NON GUI TestCases Using CSV Files 1-1,text,true,,12628,120,10,10,https://www.jenkins.io/doc/,526,0,429
1784783594522,1738,HTTP Request,200,OK,NON GUI TestCases Using CSV Files 1-3,text,true,,266649,128,10,10,https://www.selenium.dev/downloads/,929,0,752
1784783595830,442,HTTP Request,200,OK,NON GUI TestCases Using CSV Files 1-6,text,true,,12628,120,10,10,https://www.jenkins.io/doc/,390,0,352
1784783595837,435,HTTP Request,200,OK,NON GUI TestCases Using CSV Files 1-5,text,true,,12628,120,10,10,https://www.jenkins.io/doc/,382,0,345
1784783594425,1863,HTTP Request,200,OK,NON GUI TestCases Using CSV Files 1-9,text,true,,266649,128,10,10,https://www.selenium.dev/downloads/,1049,0,778
1784783595832,688,HTTP Request,200,OK,NON GUI TestCases Using CSV Files 1-4,text,true,,12628,120,10,10,https://www.jenkins.io/doc/,440,0,377
1784783595419,1185,HTTP Request,200,OK,NON GUI TestCases Using CSV Files 1-10,text,true,,266649,128,10,10,https://www.selenium.dev/downloads/,613,0,383
1784783596133,4528,HTTP Request,200,OK,NON GUI TestCases Using CSV Files 1-8,text,true,,12628,120,10,10,https://www.jenkins.io/doc/,2536,0,441
1784783596288,4787,HTTP Request,200,OK,NON GUI TestCases Using CSV Files 1-9,text,true,,18944,138,10,10,https://jmeter.apache.org/download_jmeter.cgi,4327,0,2384
1784783596130,5146,HTTP Request,200,OK,NON GUI TestCases Using CSV Files 1-7,text,true,,12628,120,10,10,https://www.jenkins.io/doc/,2558,0,444
1784783596236,5041,HTTP Request,200,OK,NON GUI TestCases Using CSV Files 1-1,text,true,,52093,122,10,10,https://saucelabs.com/careers,5040,0,2445
1784783596261,5085,HTTP Request,200,OK,NON GUI TestCases Using CSV Files 1-3,text,true,,18972,138,10,10,https://jmeter.apache.org/download_jmeter.cgi,4354,0,2419
1784783596604,4765,HTTP Request,200,OK,NON GUI TestCases Using CSV Files 1-10,text,true,,18938,138,10,10,https://jmeter.apache.org/download_jmeter.cgi,4455,0,2491
1784783596272,5366,HTTP Request,200,OK,NON GUI TestCases Using CSV Files 1-5,text,true,,52093,122,10,10,https://saucelabs.com/careers,5366,0,2625
1784783596521,5420,HTTP Request,200,OK,NON GUI TestCases Using CSV Files 1-4,text,true,,52068,122,10,10,https://saucelabs.com/careers,5420,0,3995
1784783601076,874,HTTP Request,200,OK,NON GUI TestCases Using CSV Files 1-9,text,true,,12628,120,10,10,https://www.jenkins.io/doc/,782,0,692
1784783601278,731,HTTP Request,200,OK,NON GUI TestCases Using CSV Files 1-1,text,true,,29297,125,10,10,https://www.apache.org/licenses/,580,0,491
1784783601347,769,HTTP Request,200,OK,NON GUI TestCases Using CSV Files 1-3,text,true,,12627,120,10,10,https://www.jenkins.io/doc/,662,0,511
1784783601640,479,HTTP Request,200,OK,NON GUI TestCases Using CSV Files 1-5,text,true,,29297,125,10,10,https://www.apache.org/licenses/,368,0,230
1784783595805,6387,HTTP Request,200,OK,NON GUI TestCases Using CSV Files 1-2,text,true,,52068,122,10,10,https://saucelabs.com/careers,6387,0,413
1784783601371,910,HTTP Request,200,OK,NON GUI TestCases Using CSV Files 1-10,text,true,,12628,120,10,10,https://www.jenkins.io/doc/,748,0,637
1784783601943,613,HTTP Request,200,OK,NON GUI TestCases Using CSV Files 1-4,text,true,,29297,125,10,10,https://www.apache.org/licenses/,338,0,177
1784783601950,959,HTTP Request,200,OK,NON GUI TestCases Using CSV Files 1-9,text,true,,52068,122,10,10,https://saucelabs.com/careers,958,0,244
1784783602194,755,HTTP Request,200,OK,NON GUI TestCases Using CSV Files 1-2,text,true,,29297,125,10,10,https://www.apache.org/licenses/,677,0,476
1784783602282,890,HTTP Request,200,OK,NON GUI TestCases Using CSV Files 1-10,text,true,,52093,122,10,10,https://saucelabs.com/careers,889,0,388
1784783596272,6945,HTTP Request,200,OK,NON GUI TestCases Using CSV Files 1-6,text,true,,52068,122,10,10,https://saucelabs.com/careers,6944,0,6600
1784783602117,1107,HTTP Request,200,OK,NON GUI TestCases Using CSV Files 1-3,text,true,,52068,122,10,10,https://saucelabs.com/careers,1106,0,553
1784783602910,359,HTTP Request,200,OK,NON GUI TestCases Using CSV Files 1-9,text,true,,29297,125,10,10,https://www.apache.org/licenses/,302,0,206
1784783603172,229,HTTP Request,200,OK,NON GUI TestCases Using CSV Files 1-10,text,true,,29296,125,10,10,https://www.apache.org/licenses/,153,0,98
1784783603218,238,HTTP Request,200,OK,NON GUI TestCases Using CSV Files 1-6,text,true,,29296,125,10,10,https://www.apache.org/licenses/,164,0,108
1784783603224,232,HTTP Request,200,OK,NON GUI TestCases Using CSV Files 1-3,text,true,,29297,125,10,10,https://www.apache.org/licenses/,158,0,102
1784783602009,1976,HTTP Request,200,OK,NON GUI TestCases Using CSV Files 1-1,text,true,,122026,148,10,10,https://practicetestautomation.com/practice-test-login/,1726,0,589
1784783602120,1867,HTTP Request,200,OK,NON GUI TestCases Using CSV Files 1-5,text,true,,122024,148,10,10,https://practicetestautomation.com/practice-test-login/,1629,0,490
1784783600663,3586,HTTP Request,200,OK,NON GUI TestCases Using CSV Files 1-8,text,true,,52068,122,10,10,https://saucelabs.com/careers,3586,0,3229
1784783602557,1703,HTTP Request,200,OK,NON GUI TestCases Using CSV Files 1-4,text,true,,122027,148,10,10,https://practicetestautomation.com/practice-test-login/,1429,0,425
1784783603402,934,HTTP Request,200,OK,NON GUI TestCases Using CSV Files 1-10,text,true,,122018,148,10,10,https://practicetestautomation.com/practice-test-login/,759,0,271
1784783602950,1504,HTTP Request,200,OK,NON GUI TestCases Using CSV Files 1-2,text,true,,122025,148,10,10,https://practicetestautomation.com/practice-test-login/,1274,0,349
1784783603457,1052,HTTP Request,200,OK,NON GUI TestCases Using CSV Files 1-6,text,true,,122028,148,10,10,https://practicetestautomation.com/practice-test-login/,872,0,292
1784783603269,1527,HTTP Request,200,OK,NON GUI TestCases Using CSV Files 1-9,text,true,,122034,148,10,10,https://practicetestautomation.com/practice-test-login/,1258,0,295
1784783604249,560,HTTP Request,200,OK,NON GUI TestCases Using CSV Files 1-8,text,true,,29296,125,10,10,https://www.apache.org/licenses/,427,0,284
1784783603458,1444,HTTP Request,200,OK,NON GUI TestCases Using CSV Files 1-3,text,true,,122023,148,10,10,https://practicetestautomation.com/practice-test-login/,1227,0,291
1784783603987,1259,HTTP Request,200,OK,NON GUI TestCases Using CSV Files 1-5,text,true,,49088,132,10,10,https://automationexercise.com/products,1230,0,353
1784783603985,1293,HTTP Request,200,OK,NON GUI TestCases Using CSV Files 1-1,text,true,,49097,132,10,10,https://automationexercise.com/products,1267,0,355
1784783604455,1074,HTTP Request,200,OK,NON GUI TestCases Using CSV Files 1-2,text,true,,49093,132,10,10,https://automationexercise.com/products,1042,0,300
1784783604260,1331,HTTP Request,200,OK,NON GUI TestCases Using CSV Files 1-4,text,true,,49092,132,10,10,https://automationexercise.com/products,1286,0,348
1784783604337,1325,HTTP Request,200,OK,NON GUI TestCases Using CSV Files 1-10,text,true,,49097,132,10,10,https://automationexercise.com/products,1299,0,273
1784783605279,470,HTTP Request,200,OK,NON GUI TestCases Using CSV Files 1-1,text,true,,5215,129,10,10,https://www.demoblaze.com/index.html,470,0,0
1784783605247,529,HTTP Request,200,OK,NON GUI TestCases Using CSV Files 1-5,text,true,,4918,129,10,10,https://www.demoblaze.com/index.html,529,0,0
1784783601278,4520,HTTP Request,200,OK,NON GUI TestCases Using CSV Files 1-7,text,true,,52093,122,10,10,https://saucelabs.com/careers,4520,0,3400
1784783605529,491,HTTP Request,200,OK,NON GUI TestCases Using CSV Files 1-2,text,true,,17521,129,10,10,https://www.demoblaze.com/index.html,272,0,0
1784783604510,1611,HTTP Request,200,OK,NON GUI TestCases Using CSV Files 1-6,text,true,,49094,132,10,10,https://automationexercise.com/products,1581,0,361
1784783604810,1340,HTTP Request,200,OK,NON GUI TestCases Using CSV Files 1-8,text,true,,122022,148,10,10,https://practicetestautomation.com/practice-test-login/,1126,0,714
1784783605592,611,HTTP Request,200,OK,NON GUI TestCases Using CSV Files 1-4,text,true,,5068,129,10,10,https://www.demoblaze.com/index.html,599,0,0
1784783605663,656,HTTP Request,200,OK,NON GUI TestCases Using CSV Files 1-10,text,true,,5059,129,10,10,https://www.demoblaze.com/index.html,653,0,0
1784783604797,1542,HTTP Request,200,OK,NON GUI TestCases Using CSV Files 1-9,text,true,,49097,132,10,10,https://automationexercise.com/products,1499,0,852
1784783605798,714,HTTP Request,200,OK,NON GUI TestCases Using CSV Files 1-7,text,true,,29297,125,10,10,https://www.apache.org/licenses/,578,0,343
1784783604903,1646,HTTP Request,200,OK,NON GUI TestCases Using CSV Files 1-3,text,true,,48939,132,10,10,https://automationexercise.com/products,1596,0,620
1784783606339,263,HTTP Request,200,OK,NON GUI TestCases Using CSV Files 1-9,text,true,,5075,129,10,10,https://www.demoblaze.com/index.html,263,0,0
1784783605750,887,HTTP Request,200,OK,NON GUI TestCases Using CSV Files 1-1,text,true,,36392,152,10,10,https://www.easycalculation.com/date-day/age-calculator.php,887,0,0
1784783605776,882,HTTP Request,200,OK,NON GUI TestCases Using CSV Files 1-5,text,true,,36392,152,10,10,https://www.easycalculation.com/date-day/age-calculator.php,882,0,0
1784783606121,592,HTTP Request,200,OK,NON GUI TestCases Using CSV Files 1-6,text,true,,5096,129,10,10,https://www.demoblaze.com/index.html,571,0,0
1784783606020,747,HTTP Request,200,OK,NON GUI TestCases Using CSV Files 1-2,text,true,,36392,152,10,10,https://www.easycalculation.com/date-day/age-calculator.php,747,0,0
1784783606203,852,HTTP Request,200,OK,NON GUI TestCases Using CSV Files 1-4,text,true,,36392,152,10,10,https://www.easycalculation.com/date-day/age-calculator.php,819,0,0
1784783606550,516,HTTP Request,200,OK,NON GUI TestCases Using CSV Files 1-3,text,true,,5037,129,10,10,https://www.demoblaze.com/index.html,516,0,0
1784783606319,808,HTTP Request,200,OK,NON GUI TestCases Using CSV Files 1-10,text,true,,36392,152,10,10,https://www.easycalculation.com/date-day/age-calculator.php,808,0,0
1784783606603,772,HTTP Request,200,OK,NON GUI TestCases Using CSV Files 1-9,text,true,,36392,152,10,10,https://www.easycalculation.com/date-day/age-calculator.php,758,0,0
1784783606713,764,HTTP Request,200,OK,NON GUI TestCases Using CSV Files 1-6,text,true,,36392,152,10,10,https://www.easycalculation.com/date-day/age-calculator.php,764,0,0
1784783606513,983,HTTP Request,200,OK,NON GUI TestCases Using CSV Files 1-7,text,true,,122022,148,10,10,https://practicetestautomation.com/practice-test-login/,790,0,462
1784783607066,663,HTTP Request,200,OK,NON GUI TestCases Using CSV Files 1-3,text,true,,36392,152,10,10,https://www.easycalculation.com/date-day/age-calculator.php,663,0,0
1784783606150,1666,HTTP Request,200,OK,NON GUI TestCases Using CSV Files 1-8,text,true,,49093,132,10,10,https://automationexercise.com/products,1587,0,619
1784783606638,1692,HTTP Request,200,OK,NON GUI TestCases Using CSV Files 1-1,text,true,,361010,166,10,10,https://www.hollandandbarrett.com/shop/food-drink/?t=has_promotion%3Atrue,1016,0,0
1784783607816,584,HTTP Request,200,OK,NON GUI TestCases Using CSV Files 1-8,text,true,,17517,129,10,10,https://www.demoblaze.com/index.html,441,0,0
1784783607055,1404,HTTP Request,200,OK,NON GUI TestCases Using CSV Files 1-4,text,true,,362385,166,10,10,https://www.hollandandbarrett.com/shop/food-drink/?t=has_promotion%3Atrue,790,0,0
1784783606767,1790,HTTP Request,200,OK,NON GUI TestCases Using CSV Files 1-2,text,true,,365204,166,10,10,https://www.hollandandbarrett.com/shop/food-drink/?t=has_promotion%3Atrue,887,0,0
1784783608332,303,HTTP Request,200,OK,NON GUI TestCases Using CSV Files 1-1,text,true,,266650,128,10,10,https://www.selenium.dev/downloads/,140,0,0
1784783607496,1294,HTTP Request,200,OK,NON GUI TestCases Using CSV Files 1-7,text,true,,49096,132,10,10,https://automationexercise.com/products,1260,0,291
1784783608460,534,HTTP Request,200,OK,NON GUI TestCases Using CSV Files 1-4,text,true,,266650,128,10,10,https://www.selenium.dev/downloads/,123,0,0
1784783607477,1668,HTTP Request,200,OK,NON GUI TestCases Using CSV Files 1-6,text,true,,365411,166,10,10,https://www.hollandandbarrett.com/shop/food-drink/?t=has_promotion%3Atrue,1013,0,0
1784783608558,621,HTTP Request,200,OK,NON GUI TestCases Using CSV Files 1-2,text,true,,266650,128,10,10,https://www.selenium.dev/downloads/,168,0,0
1784783608635,545,HTTP Request,200,OK,NON GUI TestCases Using CSV Files 1-1,text,true,,18951,138,10,10,https://jmeter.apache.org/download_jmeter.cgi,475,0,0
1784783608791,390,HTTP Request,200,OK,NON GUI TestCases Using CSV Files 1-7,text,true,,4983,129,10,10,https://www.demoblaze.com/index.html,389,0,0
1784783608401,829,HTTP Request,200,OK,NON GUI TestCases Using CSV Files 1-8,text,true,,36392,152,10,10,https://www.easycalculation.com/date-day/age-calculator.php,829,0,0
1784783607128,2146,HTTP Request,200,OK,NON GUI TestCases Using CSV Files 1-10,text,true,,362342,166,10,10,https://www.hollandandbarrett.com/shop/food-drink/?t=has_promotion%3Atrue,874,0,0
1784783607376,1926,HTTP Request,200,OK,NON GUI TestCases Using CSV Files 1-9,text,true,,362367,166,10,10,https://www.hollandandbarrett.com/shop/food-drink/?t=has_promotion%3Atrue,923,0,0
1784783609180,246,HTTP Request,200,OK,NON GUI TestCases Using CSV Files 1-1,text,true,,12628,120,10,10,https://www.jenkins.io/doc/,102,0,0
1784783607730,1698,HTTP Request,200,OK,NON GUI TestCases Using CSV Files 1-3,text,true,,362694,166,10,10,https://www.hollandandbarrett.com/shop/food-drink/?t=has_promotion%3Atrue,1039,0,0
1784783609146,483,HTTP Request,200,OK,NON GUI TestCases Using CSV Files 1-6,text,true,,266650,128,10,10,https://www.selenium.dev/downloads/,174,0,0
1784783608995,703,HTTP Request,200,OK,NON GUI TestCases Using CSV Files 1-4,text,true,,18923,138,10,10,https://jmeter.apache.org/download_jmeter.cgi,634,0,0
1784783609426,342,HTTP Request,200,OK,NON GUI TestCases Using CSV Files 1-1,text,true,,52093,122,10,10,https://saucelabs.com/careers,341,0,0
1784783609180,673,HTTP Request,200,OK,NON GUI TestCases Using CSV Files 1-2,text,true,,18957,138,10,10,https://jmeter.apache.org/download_jmeter.cgi,661,0,0
1784783606658,3209,HTTP Request,200,OK,NON GUI TestCases Using CSV Files 1-5,text,true,,1163489,166,10,10,https://www.hollandandbarrett.com/shop/food-drink/?t=has_promotion%3Atrue,906,0,0
1784783609276,639,HTTP Request,200,OK,NON GUI TestCases Using CSV Files 1-10,text,true,,266650,128,10,10,https://www.selenium.dev/downloads/,228,0,0
1784783609304,619,HTTP Request,200,OK,NON GUI TestCases Using CSV Files 1-9,text,true,,266650,128,10,10,https://www.selenium.dev/downloads/,128,0,0
1784783609629,297,HTTP Request,200,OK,NON GUI TestCases Using CSV Files 1-6,text,true,,18931,138,10,10,https://jmeter.apache.org/download_jmeter.cgi,260,0,0
1784783609181,793,HTTP Request,200,OK,NON GUI TestCases Using CSV Files 1-7,text,true,,36392,152,10,10,https://www.easycalculation.com/date-day/age-calculator.php,791,0,0
1784783609768,214,HTTP Request,200,OK,NON GUI TestCases Using CSV Files 1-1,text,true,,29297,125,10,10,https://www.apache.org/licenses/,175,0,0
1784783609430,579,HTTP Request,200,OK,NON GUI TestCases Using CSV Files 1-3,text,true,,266650,128,10,10,https://www.selenium.dev/downloads/,94,0,0
1784783609926,117,HTTP Request,200,OK,NON GUI TestCases Using CSV Files 1-6,text,true,,12628,120,10,10,https://www.jenkins.io/doc/,93,0,0
1784783609854,210,HTTP Request,200,OK,NON GUI TestCases Using CSV Files 1-2,text,true,,12628,120,10,10,https://www.jenkins.io/doc/,169,0,0
1784783609698,480,HTTP Request,200,OK,NON GUI TestCases Using CSV Files 1-4,text,true,,12628,120,10,10,https://www.jenkins.io/doc/,69,0,0
1784783609231,967,HTTP Request,200,OK,NON GUI TestCases Using CSV Files 1-8,text,true,,360846,166,10,10,https://www.hollandandbarrett.com/shop/food-drink/?t=has_promotion%3Atrue,752,0,0
1784783610044,166,HTTP Request,200,OK,NON GUI TestCases Using CSV Files 1-6,text,true,,52068,122,10,10,https://saucelabs.com/careers,166,0,0
1784783610211,54,HTTP Request,200,OK,NON GUI TestCases Using CSV Files 1-6,text,true,,29296,125,10,10,https://www.apache.org/licenses/,40,0,0
1784783609923,358,HTTP Request,200,OK,NON GUI TestCases Using CSV Files 1-9,text,true,,18958,138,10,10,https://jmeter.apache.org/download_jmeter.cgi,287,0,0
1784783609868,476,HTTP Request,200,OK,NON GUI TestCases Using CSV Files 1-5,text,true,,266650,128,10,10,https://www.selenium.dev/downloads/,199,0,0
1784783610282,121,HTTP Request,200,OK,NON GUI TestCases Using CSV Files 1-9,text,true,,12628,120,10,10,https://www.jenkins.io/doc/,102,0,0
1784783610065,372,HTTP Request,200,OK,NON GUI TestCases Using CSV Files 1-2,text,true,,52068,122,10,10,https://saucelabs.com/careers,372,0,0
1784783609983,515,HTTP Request,200,OK,NON GUI TestCases Using CSV Files 1-1,text,true,,122026,148,10,10,https://practicetestautomation.com/practice-test-login/,369,0,0
1784783610438,134,HTTP Request,200,OK,NON GUI TestCases Using CSV Files 1-2,text,true,,29297,125,10,10,https://www.apache.org/licenses/,100,0,0
1784783610179,472,HTTP Request,200,OK,NON GUI TestCases Using CSV Files 1-4,text,true,,52068,122,10,10,https://saucelabs.com/careers,471,0,0
1784783610198,463,HTTP Request,200,OK,NON GUI TestCases Using CSV Files 1-8,text,true,,266650,128,10,10,https://www.selenium.dev/downloads/,111,0,0
1784783609915,784,HTTP Request,200,OK,NON GUI TestCases Using CSV Files 1-10,text,true,,18938,138,10,10,https://jmeter.apache.org/download_jmeter.cgi,684,0,0
1784783610012,748,HTTP Request,200,OK,NON GUI TestCases Using CSV Files 1-3,text,true,,18946,138,10,10,https://jmeter.apache.org/download_jmeter.cgi,620,0,0
1784783610699,156,HTTP Request,200,OK,NON GUI TestCases Using CSV Files 1-10,text,true,,12628,120,10,10,https://www.jenkins.io/doc/,126,0,0
1784783610404,451,HTTP Request,200,OK,NON GUI TestCases Using CSV Files 1-9,text,true,,52068,122,10,10,https://saucelabs.com/careers,451,0,0
1784783610651,227,HTTP Request,200,OK,NON GUI TestCases Using CSV Files 1-4,text,true,,29297,125,10,10,https://www.apache.org/licenses/,175,0,0
1784783610760,134,HTTP Request,200,OK,NON GUI TestCases Using CSV Files 1-3,text,true,,12627,120,10,10,https://www.jenkins.io/doc/,112,0,0
1784783610855,86,HTTP Request,200,OK,NON GUI TestCases Using CSV Files 1-9,text,true,,29297,125,10,10,https://www.apache.org/licenses/,83,0,0
1784783610345,648,HTTP Request,200,OK,NON GUI TestCases Using CSV Files 1-5,text,true,,18931,138,10,10,https://jmeter.apache.org/download_jmeter.cgi,593,0,0
1784783610661,374,HTTP Request,200,OK,NON GUI TestCases Using CSV Files 1-8,text,true,,18951,138,10,10,https://jmeter.apache.org/download_jmeter.cgi,352,0,0
1784783610993,87,HTTP Request,200,OK,NON GUI TestCases Using CSV Files 1-5,text,true,,12628,120,10,10,https://www.jenkins.io/doc/,65,0,0
1784783610895,263,HTTP Request,200,OK,NON GUI TestCases Using CSV Files 1-3,text,true,,52068,122,10,10,https://saucelabs.com/careers,262,0,0
1784783610573,623,HTTP Request,200,OK,NON GUI TestCases Using CSV Files 1-2,text,true,,122018,148,10,10,https://practicetestautomation.com/practice-test-login/,509,0,0
1784783611158,90,HTTP Request,200,OK,NON GUI TestCases Using CSV Files 1-3,text,true,,29297,125,10,10,https://www.apache.org/licenses/,74,0,0
1784783610265,1032,HTTP Request,200,OK,NON GUI TestCases Using CSV Files 1-6,text,true,,122028,148,10,10,https://practicetestautomation.com/practice-test-login/,967,0,0
1784783610855,607,HTTP Request,200,OK,NON GUI TestCases Using CSV Files 1-10,text,true,,52093,122,10,10,https://saucelabs.com/careers,606,0,0
1784783611035,431,HTTP Request,200,OK,NON GUI TestCases Using CSV Files 1-8,text,true,,12628,120,10,10,https://www.jenkins.io/doc/,61,0,0
1784783610499,1001,HTTP Request,200,OK,NON GUI TestCases Using CSV Files 1-1,text,true,,49093,132,10,10,https://automationexercise.com/products,974,0,0
1784783611080,428,HTTP Request,200,OK,NON GUI TestCases Using CSV Files 1-5,text,true,,52093,122,10,10,https://saucelabs.com/careers,427,0,0
1784783610879,691,HTTP Request,200,OK,NON GUI TestCases Using CSV Files 1-4,text,true,,122024,148,10,10,https://practicetestautomation.com/practice-test-login/,486,0,0
1784783611462,216,HTTP Request,200,OK,NON GUI TestCases Using CSV Files 1-10,text,true,,29296,125,10,10,https://www.apache.org/licenses/,201,0,0
1784783611197,571,HTTP Request,200,OK,NON GUI TestCases Using CSV Files 1-2,text,true,,49095,132,10,10,https://automationexercise.com/products,547,0,0
1784783611248,567,HTTP Request,200,OK,NON GUI TestCases Using CSV Files 1-3,text,true,,122026,148,10,10,https://practicetestautomation.com/practice-test-login/,495,0,0
1784783611508,411,HTTP Request,200,OK,NON GUI TestCases Using CSV Files 1-5,text,true,,29297,125,10,10,https://www.apache.org/licenses/,360,0,0
1784783611466,539,HTTP Request,200,OK,NON GUI TestCases Using CSV Files 1-8,text,true,,52068,122,10,10,https://saucelabs.com/careers,539,0,0
1784783610942,1125,HTTP Request,200,OK,NON GUI TestCases Using CSV Files 1-9,text,true,,122028,148,10,10,https://practicetestautomation.com/practice-test-login/,926,0,0
1784783611768,300,HTTP Request,200,OK,NON GUI TestCases Using CSV Files 1-2,text,true,,4868,129,10,10,https://www.demoblaze.com/index.html,297,0,0
1784783609974,2183,HTTP Request,200,OK,NON GUI TestCases Using CSV Files 1-7,text,true,,362383,166,10,10,https://www.hollandandbarrett.com/shop/food-drink/?t=has_promotion%3Atrue,1185,0,0
1784783612006,178,HTTP Request,200,OK,NON GUI TestCases Using CSV Files 1-8,text,true,,29296,125,10,10,https://www.apache.org/licenses/,86,0,0
1784783611679,621,HTTP Request,200,OK,NON GUI TestCases Using CSV Files 1-10,text,true,,122020,148,10,10,https://practicetestautomation.com/practice-test-login/,586,0,0
1784783611501,835,HTTP Request,200,OK,NON GUI TestCases Using CSV Files 1-1,text,true,,17517,129,10,10,https://www.demoblaze.com/index.html,666,0,0
1784783611298,1092,HTTP Request,200,OK,NON GUI TestCases Using CSV Files 1-6,text,true,,49095,132,10,10,https://automationexercise.com/products,1054,0,0
1784783612390,215,HTTP Request,200,OK,NON GUI TestCases Using CSV Files 1-6,text,true,,4987,129,10,10,https://www.demoblaze.com/index.html,205,0,0
1784783612157,513,HTTP Request,200,OK,NON GUI TestCases Using CSV Files 1-7,text,true,,266650,128,10,10,https://www.selenium.dev/downloads/,202,0,0
1784783611571,1281,HTTP Request,200,OK,NON GUI TestCases Using CSV Files 1-4,text,true,,49097,132,10,10,https://automationexercise.com/products,1165,0,0
1784783611815,1104,HTTP Request,200,OK,NON GUI TestCases Using CSV Files 1-3,text,true,,48942,132,10,10,https://automationexercise.com/products,1037,0,0
1784783612068,856,HTTP Request,200,OK,NON GUI TestCases Using CSV Files 1-2,text,true,,36392,152,10,10,https://www.easycalculation.com/date-day/age-calculator.php,856,0,0
1784783611919,1045,HTTP Request,200,OK,NON GUI TestCases Using CSV Files 1-5,text,true,,122028,148,10,10,https://practicetestautomation.com/practice-test-login/,935,0,0
1784783612671,313,HTTP Request,200,OK,NON GUI TestCases Using CSV Files 1-7,text,true,,18943,138,10,10,https://jmeter.apache.org/download_jmeter.cgi,265,0,0
1784783612852,283,HTTP Request,200,OK,NON GUI TestCases Using CSV Files 1-4,text,true,,17517,129,10,10,https://www.demoblaze.com/index.html,265,0,0
1784783612919,242,HTTP Request,200,OK,NON GUI TestCases Using CSV Files 1-3,text,true,,17517,129,10,10,https://www.demoblaze.com/index.html,200,0,0
1784783612067,1173,HTTP Request,200,OK,NON GUI TestCases Using CSV Files 1-9,text,true,,49097,132,10,10,https://automationexercise.com/products,1118,0,0
1784783612336,936,HTTP Request,200,OK,NON GUI TestCases Using CSV Files 1-1,text,true,,36392,152,10,10,https://www.easycalculation.com/date-day/age-calculator.php,684,0,0
1784783612606,712,HTTP Request,200,OK,NON GUI TestCases Using CSV Files 1-6,text,true,,36392,152,10,10,https://www.easycalculation.com/date-day/age-calculator.php,711,0,0
1784783612985,335,HTTP Request,200,OK,NON GUI TestCases Using CSV Files 1-7,text,true,,12628,120,10,10,https://www.jenkins.io/doc/,44,0,0
1784783612185,1160,HTTP Request,200,OK,NON GUI TestCases Using CSV Files 1-8,text,true,,122022,148,10,10,https://practicetestautomation.com/practice-test-login/,1067,0,0
1784783612964,401,HTTP Request,200,OK,NON GUI TestCases Using CSV Files 1-5,text,true,,49091,132,10,10,https://automationexercise.com/products,363,0,0
1784783612300,1065,HTTP Request,200,OK,NON GUI TestCases Using CSV Files 1-10,text,true,,49101,132,10,10,https://automationexercise.com/products,1018,0,0
1784783613364,201,HTTP Request,200,OK,NON GUI TestCases Using CSV Files 1-5,text,true,,17517,129,10,10,https://www.demoblaze.com/index.html,179,0,0
1784783613239,345,HTTP Request,200,OK,NON GUI TestCases Using CSV Files 1-9,text,true,,17517,129,10,10,https://www.demoblaze.com/index.html,304,0,0
1784783613364,255,HTTP Request,200,OK,NON GUI TestCases Using CSV Files 1-10,text,true,,5084,129,10,10,https://www.demoblaze.com/index.html,244,0,0
1784783613135,678,HTTP Request,200,OK,NON GUI TestCases Using CSV Files 1-4,text,true,,36392,152,10,10,https://www.easycalculation.com/date-day/age-calculator.php,677,0,0
1784783613161,658,HTTP Request,200,OK,NON GUI TestCases Using CSV Files 1-3,text,true,,36392,152,10,10,https://www.easycalculation.com/date-day/age-calculator.php,658,0,0
1784783613319,539,HTTP Request,200,OK,NON GUI TestCases Using CSV Files 1-7,text,true,,52093,122,10,10,https://saucelabs.com/careers,539,0,0
1784783613858,223,HTTP Request,200,OK,NON GUI TestCases Using CSV Files 1-7,text,true,,29297,125,10,10,https://www.apache.org/licenses/,148,0,0
1784783613584,741,HTTP Request,200,OK,NON GUI TestCases Using CSV Files 1-9,text,true,,36392,152,10,10,https://www.easycalculation.com/date-day/age-calculator.php,740,0,0
1784783613566,767,HTTP Request,200,OK,NON GUI TestCases Using CSV Files 1-5,text,true,,36392,152,10,10,https://www.easycalculation.com/date-day/age-calculator.php,767,0,0
1784783613620,742,HTTP Request,200,OK,NON GUI TestCases Using CSV Files 1-10,text,true,,36392,152,10,10,https://www.easycalculation.com/date-day/age-calculator.php,740,0,0
1784783613345,1018,HTTP Request,200,OK,NON GUI TestCases Using CSV Files 1-8,text,true,,49095,132,10,10,https://automationexercise.com/products,956,0,0
1784783614081,436,HTTP Request,200,OK,NON GUI TestCases Using CSV Files 1-7,text,true,,122022,148,10,10,https://practicetestautomation.com/practice-test-login/,362,0,0
1784783612924,1626,HTTP Request,200,OK,NON GUI TestCases Using CSV Files 1-2,text,true,,360902,166,10,10,https://www.hollandandbarrett.com/shop/food-drink/?t=has_promotion%3Atrue,828,0,0
1784783614363,198,HTTP Request,200,OK,NON GUI TestCases Using CSV Files 1-8,text,true,,17517,129,10,10,https://www.demoblaze.com/index.html,167,0,0
1784783614549,303,HTTP Request,200,OK,NON GUI TestCases Using CSV Files 1-2,text,true,,266650,128,10,10,https://www.selenium.dev/downloads/,103,0,0
1784783613272,1635,HTTP Request,200,OK,NON GUI TestCases Using CSV Files 1-1,text,true,,360948,166,10,10,https://www.hollandandbarrett.com/shop/food-drink/?t=has_promotion%3Atrue,990,0,0
1784783613317,1863,HTTP Request,200,OK,NON GUI TestCases Using CSV Files 1-6,text,true,,360979,166,10,10,https://www.hollandandbarrett.com/shop/food-drink/?t=has_promotion%3Atrue,1080,0,0
1784783613812,1513,HTTP Request,200,OK,NON GUI TestCases Using CSV Files 1-4,text,true,,362353,166,10,10,https://www.hollandandbarrett.com/shop/food-drink/?t=has_promotion%3Atrue,891,0,0
1784783614561,871,HTTP Request,200,OK,NON GUI TestCases Using CSV Files 1-8,text,true,,36392,152,10,10,https://www.easycalculation.com/date-day/age-calculator.php,861,0,0
1784783614908,559,HTTP Request,200,OK,NON GUI TestCases Using CSV Files 1-1,text,true,,266650,128,10,10,https://www.selenium.dev/downloads/,276,0,0
1784783614517,958,HTTP Request,200,OK,NON GUI TestCases Using CSV Files 1-7,text,true,,49101,132,10,10,https://automationexercise.com/products,919,0,0
1784783613819,1722,HTTP Request,200,OK,NON GUI TestCases Using CSV Files 1-3,text,true,,363925,166,10,10,https://www.hollandandbarrett.com/shop/food-drink/?t=has_promotion%3Atrue,914,0,0
1784783614852,881,HTTP Request,200,OK,NON GUI TestCases Using CSV Files 1-2,text,true,,18959,138,10,10,https://jmeter.apache.org/download_jmeter.cgi,822,0,0
1784783615181,557,HTTP Request,200,OK,NON GUI TestCases Using CSV Files 1-6,text,true,,266650,128,10,10,https://www.selenium.dev/downloads/,264,0,0
1784783615326,486,HTTP Request,200,OK,NON GUI TestCases Using CSV Files 1-4,text,true,,266650,128,10,10,https://www.selenium.dev/downloads/,186,0,0
1784783615734,78,HTTP Request,200,OK,NON GUI TestCases Using CSV Files 1-2,text,true,,12628,120,10,10,https://www.jenkins.io/doc/,45,0,0
1784783615476,388,HTTP Request,200,OK,NON GUI TestCases Using CSV Files 1-7,text,true,,17517,129,10,10,https://www.demoblaze.com/index.html,276,0,0
1784783615433,649,HTTP Request,200,OK,NON GUI TestCases Using CSV Files 1-8,text,true,,360911,166,10,10,https://www.hollandandbarrett.com/shop/food-drink/?t=has_promotion%3Atrue,496,0,0
1784783615738,352,HTTP Request,200,OK,NON GUI TestCases Using CSV Files 1-6,text,true,,18930,138,10,10,https://jmeter.apache.org/download_jmeter.cgi,223,0,0
1784783614333,1757,HTTP Request,200,OK,NON GUI TestCases Using CSV Files 1-5,text,true,,360048,166,10,10,https://www.hollandandbarrett.com/shop/food-drink/?t=has_promotion%3Atrue,847,0,0
1784783615541,591,HTTP Request,200,OK,NON GUI TestCases Using CSV Files 1-3,text,true,,266650,128,10,10,https://www.selenium.dev/downloads/,134,0,0
1784783615467,672,HTTP Request,200,OK,NON GUI TestCases Using CSV Files 1-1,text,true,,18958,138,10,10,https://jmeter.apache.org/download_jmeter.cgi,670,0,0
1784783614362,2015,HTTP Request,200,OK,NON GUI TestCases Using CSV Files 1-10,text,true,,361063,166,10,10,https://www.hollandandbarrett.com/shop/food-drink/?t=has_promotion%3Atrue,747,0,0
1784783616091,322,HTTP Request,200,OK,NON GUI TestCases Using CSV Files 1-6,text,true,,12628,120,10,10,https://www.jenkins.io/doc/,321,0,0
1784783616140,274,HTTP Request,200,OK,NON GUI TestCases Using CSV Files 1-1,text,true,,12628,120,10,10,https://www.jenkins.io/doc/,272,0,0
1784783615812,611,HTTP Request,200,OK,NON GUI TestCases Using CSV Files 1-2,text,true,,52068,122,10,10,https://saucelabs.com/careers,611,0,0
1784783615812,750,HTTP Request,200,OK,NON GUI TestCases Using CSV Files 1-4,text,true,,18979,138,10,10,https://jmeter.apache.org/download_jmeter.cgi,708,0,0
1784783616424,153,HTTP Request,200,OK,NON GUI TestCases Using CSV Files 1-2,text,true,,29297,125,10,10,https://www.apache.org/licenses/,151,0,0
1784783616133,502,HTTP Request,200,OK,NON GUI TestCases Using CSV Files 1-3,text,true,,18958,138,10,10,https://jmeter.apache.org/download_jmeter.cgi,443,0,0
1784783616562,170,HTTP Request,200,OK,NON GUI TestCases Using CSV Files 1-4,text,true,,12628,120,10,10,https://www.jenkins.io/doc/,83,0,0
1784783615864,872,HTTP Request,200,OK,NON GUI TestCases Using CSV Files 1-7,text,true,,36392,152,10,10,https://www.easycalculation.com/date-day/age-calculator.php,868,0,0
1784783616091,656,HTTP Request,200,OK,NON GUI TestCases Using CSV Files 1-5,text,true,,266650,128,10,10,https://www.selenium.dev/downloads/,365,0,0
1784783616414,333,HTTP Request,200,OK,NON GUI TestCases Using CSV Files 1-6,text,true,,52068,122,10,10,https://saucelabs.com/careers,333,0,0
1784783616636,132,HTTP Request,200,OK,NON GUI TestCases Using CSV Files 1-3,text,true,,12627,120,10,10,https://www.jenkins.io/doc/,129,0,0
1784783616083,691,HTTP Request,200,OK,NON GUI TestCases Using CSV Files 1-8,text,true,,266650,128,10,10,https://www.selenium.dev/downloads/,376,0,0
1784783616377,400,HTTP Request,200,OK,NON GUI TestCases Using CSV Files 1-10,text,true,,266650,128,10,10,https://www.selenium.dev/downloads/,159,0,0
1784783614326,2495,HTTP Request,200,OK,NON GUI TestCases Using CSV Files 1-9,text,true,,338639,166,10,10,https://www.hollandandbarrett.com/shop/food-drink/?t=has_promotion%3Atrue,1806,0,0
1784783616415,447,HTTP Request,200,OK,NON GUI TestCases Using CSV Files 1-1,text,true,,52068,122,10,10,https://saucelabs.com/careers,446,0,0
1784783616748,143,HTTP Request,200,OK,NON GUI TestCases Using CSV Files 1-6,text,true,,29296,125,10,10,https://www.apache.org/licenses/,139,0,0
1784783616577,413,HTTP Request,200,OK,NON GUI TestCases Using CSV Files 1-2,text,true,,122026,148,10,10,https://practicetestautomation.com/practice-test-login/,385,0,0
1784783616862,130,HTTP Request,200,OK,NON GUI TestCases Using CSV Files 1-1,text,true,,29297,125,10,10,https://www.apache.org/licenses/,128,0,0
1784783616768,289,HTTP Request,200,OK,NON GUI TestCases Using CSV Files 1-3,text,true,,52068,122,10,10,https://saucelabs.com/careers,288,0,0
1784783616774,289,HTTP Request,200,OK,NON GUI TestCases Using CSV Files 1-8,text,true,,18972,138,10,10,https://jmeter.apache.org/download_jmeter.cgi,273,0,0
1784783616732,334,HTTP Request,200,OK,NON GUI TestCases Using CSV Files 1-4,text,true,,52068,122,10,10,https://saucelabs.com/careers,334,0,0
1784783617067,108,HTTP Request,200,OK,NON GUI TestCases Using CSV Files 1-4,text,true,,29297,125,10,10,https://www.apache.org/licenses/,108,0,0
1784783617057,118,HTTP Request,200,OK,NON GUI TestCases Using CSV Files 1-3,text,true,,29297,125,10,10,https://www.apache.org/licenses/,118,0,0
1784783616777,425,HTTP Request,200,OK,NON GUI TestCases Using CSV Files 1-10,text,true,,18938,138,10,10,https://jmeter.apache.org/download_jmeter.cgi,399,0,0
1784783617202,136,HTTP Request,200,OK,NON GUI TestCases Using CSV Files 1-10,text,true,,12628,120,10,10,https://www.jenkins.io/doc/,136,0,0
1784783616822,520,HTTP Request,200,OK,NON GUI TestCases Using CSV Files 1-9,text,true,,266650,128,10,10,https://www.selenium.dev/downloads/,184,0,0
1784783617063,315,HTTP Request,200,OK,NON GUI TestCases Using CSV Files 1-8,text,true,,12628,120,10,10,https://www.jenkins.io/doc/,112,0,0
1784783616747,684,HTTP Request,200,OK,NON GUI TestCases Using CSV Files 1-5,text,true,,18952,138,10,10,https://jmeter.apache.org/download_jmeter.cgi,662,0,0
1784783617432,67,HTTP Request,200,OK,NON GUI TestCases Using CSV Files 1-5,text,true,,12628,120,10,10,https://www.jenkins.io/doc/,53,0,0
1784783617339,239,HTTP Request,200,OK,NON GUI TestCases Using CSV Files 1-10,text,true,,52093,122,10,10,https://saucelabs.com/careers,239,0,0
1784783617342,274,HTTP Request,200,OK,NON GUI TestCases Using CSV Files 1-9,text,true,,18965,138,10,10,https://jmeter.apache.org/download_jmeter.cgi,252,0,0
1784783617176,441,HTTP Request,200,OK,NON GUI TestCases Using CSV Files 1-3,text,true,,122032,148,10,10,https://practicetestautomation.com/practice-test-login/,391,0,0
1784783617616,81,HTTP Request,200,OK,NON GUI TestCases Using CSV Files 1-9,text,true,,12628,120,10,10,https://www.jenkins.io/doc/,55,0,0
1784783617579,125,HTTP Request,200,OK,NON GUI TestCases Using CSV Files 1-10,text,true,,29296,125,10,10,https://www.apache.org/licenses/,108,0,0
1784783617379,357,HTTP Request,200,OK,NON GUI TestCases Using CSV Files 1-8,text,true,,52068,122,10,10,https://saucelabs.com/careers,356,0,0
1784783617500,272,HTTP Request,200,OK,NON GUI TestCases Using CSV Files 1-5,text,true,,52093,122,10,10,https://saucelabs.com/careers,271,0,0
1784783617772,58,HTTP Request,200,OK,NON GUI TestCases Using CSV Files 1-5,text,true,,29297,125,10,10,https://www.apache.org/licenses/,47,0,0
1784783616736,1106,HTTP Request,200,OK,NON GUI TestCases Using CSV Files 1-7,text,true,,362405,166,10,10,https://www.hollandandbarrett.com/shop/food-drink/?t=has_promotion%3Atrue,561,0,0
1784783617736,139,HTTP Request,200,OK,NON GUI TestCases Using CSV Files 1-8,text,true,,29296,125,10,10,https://www.apache.org/licenses/,110,0,0
1784783616991,951,HTTP Request,200,OK,NON GUI TestCases Using CSV Files 1-2,text,true,,49097,132,10,10,https://automationexercise.com/products,919,0,0
1784783616992,1044,HTTP Request,200,OK,NON GUI TestCases Using CSV Files 1-1,text,true,,122024,148,10,10,https://practicetestautomation.com/practice-test-login/,957,0,0
1784783617697,340,HTTP Request,200,OK,NON GUI TestCases Using CSV Files 1-9,text,true,,52068,122,10,10,https://saucelabs.com/careers,340,0,0
1784783616891,1191,HTTP Request,200,OK,NON GUI TestCases Using CSV Files 1-6,text,true,,122020,148,10,10,https://practicetestautomation.com/practice-test-login/,1145,0,0
1784783617842,276,HTTP Request,200,OK,NON GUI TestCases Using CSV Files 1-7,text,true,,266650,128,10,10,https://www.selenium.dev/downloads/,70,0,0
1784783618038,138,HTTP Request,200,OK,NON GUI TestCases Using CSV Files 1-9,text,true,,29297,125,10,10,https://www.apache.org/licenses/,136,0,0
1784783617704,530,HTTP Request,200,OK,NON GUI TestCases Using CSV Files 1-10,text,true,,122020,148,10,10,https://practicetestautomation.com/practice-test-login/,470,0,0
1784783617176,1076,HTTP Request,200,OK,NON GUI TestCases Using CSV Files 1-4,text,true,,122024,148,10,10,https://practicetestautomation.com/practice-test-login/,927,0,0
1784783617875,414,HTTP Request,200,OK,NON GUI TestCases Using CSV Files 1-8,text,true,,122030,148,10,10,https://practicetestautomation.com/practice-test-login/,340,0,0
1784783617943,411,HTTP Request,200,OK,NON GUI TestCases Using CSV Files 1-2,text,true,,4996,129,10,10,https://www.demoblaze.com/index.html,400,0,0
1784783618036,448,HTTP Request,200,OK,NON GUI TestCases Using CSV Files 1-1,text,true,,49093,132,10,10,https://automationexercise.com/products,418,0,0
1784783617618,1034,HTTP Request,200,OK,NON GUI TestCases Using CSV Files 1-3,text,true,,48947,132,10,10,https://automationexercise.com/products,1019,0,0
1784783618289,385,HTTP Request,200,OK,NON GUI TestCases Using CSV Files 1-8,text,true,,49095,132,10,10,https://automationexercise.com/products,348,0,0
1784783618118,564,HTTP Request,200,OK,NON GUI TestCases Using CSV Files 1-7,text,true,,18924,138,10,10,https://jmeter.apache.org/download_jmeter.cgi,552,0,0
1784783617830,988,HTTP Request,200,OK,NON GUI TestCases Using CSV Files 1-5,text,true,,122032,148,10,10,https://practicetestautomation.com/practice-test-login/,913,0,0
1784783618484,380,HTTP Request,200,OK,NON GUI TestCases Using CSV Files 1-1,text,true,,5055,129,10,10,https://www.demoblaze.com/index.html,370,0,0
1784783618683,268,HTTP Request,200,OK,NON GUI TestCases Using CSV Files 1-7,text,true,,12628,120,10,10,https://www.jenkins.io/doc/,50,0,0
1784783618354,658,HTTP Request,200,OK,NON GUI TestCases Using CSV Files 1-2,text,true,,36392,152,10,10,https://www.easycalculation.com/date-day/age-calculator.php,649,0,0
1784783618675,358,HTTP Request,200,OK,NON GUI TestCases Using CSV Files 1-8,text,true,,4947,129,10,10,https://www.demoblaze.com/index.html,351,0,0
1784783618083,958,HTTP Request,200,OK,NON GUI TestCases Using CSV Files 1-6,text,true,,49103,132,10,10,https://automationexercise.com/products,932,0,0
1784783618652,423,HTTP Request,200,OK,NON GUI TestCases Using CSV Files 1-3,text,true,,17517,129,10,10,https://www.demoblaze.com/index.html,397,0,0
1784783618235,912,HTTP Request,200,OK,NON GUI TestCases Using CSV Files 1-10,text,true,,49087,132,10,10,https://automationexercise.com/products,872,0,0
1784783618176,1000,HTTP Request,200,OK,NON GUI TestCases Using CSV Files 1-9,text,true,,122028,148,10,10,https://practicetestautomation.com/practice-test-login/,930,0,0
1784783619042,163,HTTP Request,200,OK,NON GUI TestCases Using CSV Files 1-6,text,true,,17517,129,10,10,https://www.demoblaze.com/index.html,133,0,0
1784783618951,275,HTTP Request,200,OK,NON GUI TestCases Using CSV Files 1-7,text,true,,52093,122,10,10,https://saucelabs.com/careers,274,0,0
1784783618253,1005,HTTP Request,200,OK,NON GUI TestCases Using CSV Files 1-4,text,true,,49095,132,10,10,https://automationexercise.com/products,970,0,0
1784783619147,155,HTTP Request,200,OK,NON GUI TestCases Using CSV Files 1-10,text,true,,4922,129,10,10,https://www.demoblaze.com/index.html,153,0,0
1784783619226,80,HTTP Request,200,OK,NON GUI TestCases Using CSV Files 1-7,text,true,,29297,125,10,10,https://www.apache.org/licenses/,75,0,0
1784783618865,602,HTTP Request,200,OK,NON GUI TestCases Using CSV Files 1-1,text,true,,36392,152,10,10,https://www.easycalculation.com/date-day/age-calculator.php,602,0,0
1784783619033,609,HTTP Request,200,OK,NON GUI TestCases Using CSV Files 1-8,text,true,,36392,152,10,10,https://www.easycalculation.com/date-day/age-calculator.php,605,0,0
1784783619258,417,HTTP Request,200,OK,NON GUI TestCases Using CSV Files 1-4,text,true,,17517,129,10,10,https://www.demoblaze.com/index.html,395,0,0
1784783619306,433,HTTP Request,200,OK,NON GUI TestCases Using CSV Files 1-7,text,true,,122034,148,10,10,https://practicetestautomation.com/practice-test-login/,360,0,0
1784783618818,929,HTTP Request,200,OK,NON GUI TestCases Using CSV Files 1-5,text,true,,49091,132,10,10,https://automationexercise.com/products,921,0,0
1784783619075,782,HTTP Request,200,OK,NON GUI TestCases Using CSV Files 1-3,text,true,,36392,152,10,10,https://www.easycalculation.com/date-day/age-calculator.php,781,0,0
1784783619205,742,HTTP Request,200,OK,NON GUI TestCases Using CSV Files 1-6,text,true,,36392,152,10,10,https://www.easycalculation.com/date-day/age-calculator.php,653,0,0
1784783619302,760,HTTP Request,200,OK,NON GUI TestCases Using CSV Files 1-10,text,true,,36392,152,10,10,https://www.easycalculation.com/date-day/age-calculator.php,701,0,0
1784783619012,1074,HTTP Request,200,OK,NON GUI TestCases Using CSV Files 1-2,text,true,,363800,166,10,10,https://www.hollandandbarrett.com/shop/food-drink/?t=has_promotion%3Atrue,455,0,0
1784783619468,668,HTTP Request,200,OK,NON GUI TestCases Using CSV Files 1-1,text,true,,362434,166,10,10,https://www.hollandandbarrett.com/shop/food-drink/?t=has_promotion%3Atrue,457,0,0
1784783619176,977,HTTP Request,200,OK,NON GUI TestCases Using CSV Files 1-9,text,true,,49093,132,10,10,https://automationexercise.com/products,960,0,0
1784783619642,561,HTTP Request,200,OK,NON GUI TestCases Using CSV Files 1-8,text,true,,365145,166,10,10,https://www.hollandandbarrett.com/shop/food-drink/?t=has_promotion%3Atrue,444,0,0
1784783620136,212,HTTP Request,200,OK,NON GUI TestCases Using CSV Files 1-1,text,true,,266650,128,10,10,https://www.selenium.dev/downloads/,88,0,0
1784783619747,601,HTTP Request,200,OK,NON GUI TestCases Using CSV Files 1-5,text,true,,5175,129,10,10,https://www.demoblaze.com/index.html,585,0,0
1784783619739,609,HTTP Request,200,OK,NON GUI TestCases Using CSV Files 1-7,text,true,,49093,132,10,10,https://automationexercise.com/products,576,0,0
1784783620154,194,HTTP Request,200,OK,NON GUI TestCases Using CSV Files 1-9,text,true,,5045,129,10,10,https://www.demoblaze.com/index.html,178,0,0
1784783619675,689,HTTP Request,200,OK,NON GUI TestCases Using CSV Files 1-4,text,true,,36392,152,10,10,https://www.easycalculation.com/date-day/age-calculator.php,684,0,0
1784783620086,321,HTTP Request,200,OK,NON GUI TestCases Using CSV Files 1-2,text,true,,266650,128,10,10,https://www.selenium.dev/downloads/,137,0,0
1784783620203,314,HTTP Request,200,OK,NON GUI TestCases Using CSV Files 1-8,text,true,,266650,128,10,10,https://www.selenium.dev/downloads/,96,0,0
1784783620348,258,HTTP Request,200,OK,NON GUI TestCases Using CSV Files 1-1,text,true,,18897,138,10,10,https://jmeter.apache.org/download_jmeter.cgi,224,0,0
1784783620607,74,HTTP Request,200,OK,NON GUI TestCases Using CSV Files 1-1,text,true,,12628,120,10,10,https://www.jenkins.io/doc/,33,0,0
1784783620349,347,HTTP Request,200,OK,NON GUI TestCases Using CSV Files 1-7,text,true,,5035,129,10,10,https://www.demoblaze.com/index.html,343,0,0
1784783619948,833,HTTP Request,200,OK,NON GUI TestCases Using CSV Files 1-6,text,true,,362316,166,10,10,https://www.hollandandbarrett.com/shop/food-drink/?t=has_promotion%3Atrue,492,0,0
1784783620518,263,HTTP Request,200,OK,NON GUI TestCases Using CSV Files 1-8,text,true,,18897,138,10,10,https://jmeter.apache.org/download_jmeter.cgi,234,0,0
1784783619857,1002,HTTP Request,200,OK,NON GUI TestCases Using CSV Files 1-3,text,true,,362440,166,10,10,https://www.hollandandbarrett.com/shop/food-drink/?t=has_promotion%3Atrue,587,0,0
1784783620365,526,HTTP Request,200,OK,NON GUI TestCases Using CSV Files 1-4,text,true,,362276,166,10,10,https://www.hollandandbarrett.com/shop/food-drink/?t=has_promotion%3Atrue,395,0,0
1784783620681,260,HTTP Request,200,OK,NON GUI TestCases Using CSV Files 1-1,text,true,,52093,122,10,10,https://saucelabs.com/careers,260,0,0
1784783620407,578,HTTP Request,200,OK,NON GUI TestCases Using CSV Files 1-2,text,true,,18938,138,10,10,https://jmeter.apache.org/download_jmeter.cgi,553,0,0
1784783620941,100,HTTP Request,200,OK,NON GUI TestCases Using CSV Files 1-1,text,true,,29297,125,10,10,https://www.apache.org/licenses/,100,0,0
1784783620349,692,HTTP Request,200,OK,NON GUI TestCases Using CSV Files 1-9,text,true,,36392,152,10,10,https://www.easycalculation.com/date-day/age-calculator.php,685,0,0
1784783620781,260,HTTP Request,200,OK,NON GUI TestCases Using CSV Files 1-8,text,true,,12628,120,10,10,https://www.jenkins.io/doc/,110,0,0
1784783620348,693,HTTP Request,200,OK,NON GUI TestCases Using CSV Files 1-5,text,true,,36392,152,10,10,https://www.easycalculation.com/date-day/age-calculator.php,693,0,0
1784783620985,118,HTTP Request,200,OK,NON GUI TestCases Using CSV Files 1-2,text,true,,12628,120,10,10,https://www.jenkins.io/doc/,100,0,0
1784783620781,340,HTTP Request,200,OK,NON GUI TestCases Using CSV Files 1-6,text,true,,266650,128,10,10,https://www.selenium.dev/downloads/,137,0,0
1784783620891,272,HTTP Request,200,OK,NON GUI TestCases Using CSV Files 1-4,text,true,,266650,128,10,10,https://www.selenium.dev/downloads/,100,0,0
1784783620859,459,HTTP Request,200,OK,NON GUI TestCases Using CSV Files 1-3,text,true,,266650,128,10,10,https://www.selenium.dev/downloads/,132,0,0
1784783621103,285,HTTP Request,200,OK,NON GUI TestCases Using CSV Files 1-2,text,true,,52068,122,10,10,https://saucelabs.com/careers,285,0,0
1784783620697,710,HTTP Request,200,OK,NON GUI TestCases Using CSV Files 1-7,text,true,,36392,152,10,10,https://www.easycalculation.com/date-day/age-calculator.php,707,0,0
1784783621163,260,HTTP Request,200,OK,NON GUI TestCases Using CSV Files 1-4,text,true,,18951,138,10,10,https://jmeter.apache.org/download_jmeter.cgi,240,0,0
1784783621042,386,HTTP Request,200,OK,NON GUI TestCases Using CSV Files 1-8,text,true,,52068,122,10,10,https://saucelabs.com/careers,386,0,0
1784783621121,338,HTTP Request,200,OK,NON GUI TestCases Using CSV Files 1-6,text,true,,18889,138,10,10,https://jmeter.apache.org/download_jmeter.cgi,268,0,0
1784783621389,76,HTTP Request,200,OK,NON GUI TestCases Using CSV Files 1-2,text,true,,29297,125,10,10,https://www.apache.org/licenses/,68,0,0
1784783621423,63,HTTP Request,200,OK,NON GUI TestCases Using CSV Files 1-4,text,true,,12628,120,10,10,https://www.jenkins.io/doc/,34,0,0
1784783621428,58,HTTP Request,200,OK,NON GUI TestCases Using CSV Files 1-8,text,true,,29297,125,10,10,https://www.apache.org/licenses/,39,0,0
1784783621042,466,HTTP Request,200,OK,NON GUI TestCases Using CSV Files 1-1,text,true,,122024,148,10,10,https://practicetestautomation.com/practice-test-login/,397,0,0
1784783621460,99,HTTP Request,200,OK,NON GUI TestCases Using CSV Files 1-6,text,true,,12628,120,10,10,https://www.jenkins.io/doc/,95,0,0
1784783621318,243,HTTP Request,200,OK,NON GUI TestCases Using CSV Files 1-3,text,true,,18944,138,10,10,https://jmeter.apache.org/download_jmeter.cgi,219,0,0
1784783621561,83,HTTP Request,200,OK,NON GUI TestCases Using CSV Files 1-3,text,true,,12627,120,10,10,https://www.jenkins.io/doc/,75,0,0
1784783621486,211,HTTP Request,200,OK,NON GUI TestCases Using CSV Files 1-4,text,true,,52068,122,10,10,https://saucelabs.com/careers,211,0,0
1784783621698,82,HTTP Request,200,OK,NON GUI TestCases Using CSV Files 1-4,text,true,,29297,125,10,10,https://www.apache.org/licenses/,71,0,0
1784783621559,251,HTTP Request,200,OK,NON GUI TestCases Using CSV Files 1-6,text,true,,52068,122,10,10,https://saucelabs.com/careers,251,0,0
1784783621465,417,HTTP Request,200,OK,NON GUI TestCases Using CSV Files 1-2,text,true,,122022,148,10,10,https://practicetestautomation.com/practice-test-login/,356,0,0
1784783621645,246,HTTP Request,200,OK,NON GUI TestCases Using CSV Files 1-3,text,true,,52068,122,10,10,https://saucelabs.com/careers,246,0,0
1784783621810,92,HTTP Request,200,OK,NON GUI TestCases Using CSV Files 1-6,text,true,,29297,125,10,10,https://www.apache.org/licenses/,84,0,0
1784783621486,420,HTTP Request,200,OK,NON GUI TestCases Using CSV Files 1-8,text,true,,122026,148,10,10,https://practicetestautomation.com/practice-test-login/,388,0,0
1784783621508,420,HTTP Request,200,OK,NON GUI TestCases Using CSV Files 1-1,text,true,,49101,132,10,10,https://automationexercise.com/products,401,0,0
1784783621891,60,HTTP Request,200,OK,NON GUI TestCases Using CSV Files 1-3,text,true,,29297,125,10,10,https://www.apache.org/licenses/,60,0,0
1784783620062,1890,HTTP Request,200,OK,NON GUI TestCases Using CSV Files 1-10,text,true,,360072,166,10,10,https://www.hollandandbarrett.com/shop/food-drink/?t=has_promotion%3Atrue,842,0,0
1784783621042,998,HTTP Request,200,OK,NON GUI TestCases Using CSV Files 1-9,text,true,,363793,166,10,10,https://www.hollandandbarrett.com/shop/food-drink/?t=has_promotion%3Atrue,452,0,0
1784783621928,188,HTTP Request,200,OK,NON GUI TestCases Using CSV Files 1-1,text,true,,17517,129,10,10,https://www.demoblaze.com/index.html,159,0,0
1784783621781,436,HTTP Request,200,OK,NON GUI TestCases Using CSV Files 1-4,text,true,,122024,148,10,10,https://practicetestautomation.com/practice-test-login/,387,0,0
1784783621952,353,HTTP Request,200,OK,NON GUI TestCases Using CSV Files 1-10,text,true,,266650,128,10,10,https://www.selenium.dev/downloads/,93,0,0
1784783621882,464,HTTP Request,200,OK,NON GUI TestCases Using CSV Files 1-2,text,true,,49103,132,10,10,https://automationexercise.com/products,420,0,0
1784783621952,419,HTTP Request,200,OK,NON GUI TestCases Using CSV Files 1-3,text,true,,122022,148,10,10,https://practicetestautomation.com/practice-test-login/,350,0,0
1784783621906,470,HTTP Request,200,OK,NON GUI TestCases Using CSV Files 1-8,text,true,,49099,132,10,10,https://automationexercise.com/products,415,0,0
1784783621407,1019,HTTP Request,200,OK,NON GUI TestCases Using CSV Files 1-7,text,true,,360925,166,10,10,https://www.hollandandbarrett.com/shop/food-drink/?t=has_promotion%3Atrue,403,0,0
1784783621903,523,HTTP Request,200,OK,NON GUI TestCases Using CSV Files 1-6,text,true,,122028,148,10,10,https://practicetestautomation.com/practice-test-login/,450,0,0
1784783622346,292,HTTP Request,200,OK,NON GUI TestCases Using CSV Files 1-2,text,true,,5018,129,10,10,https://www.demoblaze.com/index.html,288,0,0
1784783622217,491,HTTP Request,200,OK,NON GUI TestCases Using CSV Files 1-4,text,true,,49091,132,10,10,https://automationexercise.com/products,445,0,0
1784783622305,446,HTTP Request,200,OK,NON GUI TestCases Using CSV Files 1-10,text,true,,18958,138,10,10,https://jmeter.apache.org/download_jmeter.cgi,421,0,0
1784783622751,295,HTTP Request,200,OK,NON GUI TestCases Using CSV Files 1-10,text,true,,12628,120,10,10,https://www.jenkins.io/doc/,283,0,0
1784783622041,1008,HTTP Request,200,OK,NON GUI TestCases Using CSV Files 1-9,text,true,,266650,128,10,10,https://www.selenium.dev/downloads/,154,0,0
1784783622376,684,HTTP Request,200,OK,NON GUI TestCases Using CSV Files 1-8,text,true,,4831,129,10,10,https://www.demoblaze.com/index.html,677,0,0
1784783622372,705,HTTP Request,200,OK,NON GUI TestCases Using CSV Files 1-3,text,true,,48946,132,10,10,https://automationexercise.com/products,664,0,0
1784783622426,780,HTTP Request,200,OK,NON GUI TestCases Using CSV Files 1-6,text,true,,49109,132,10,10,https://automationexercise.com/products,767,0,0
1784783622116,1101,HTTP Request,200,OK,NON GUI TestCases Using CSV Files 1-1,text,true,,36392,152,10,10,https://www.easycalculation.com/date-day/age-calculator.php,1099,0,0
1784783622426,826,HTTP Request,200,OK,NON GUI TestCases Using CSV Files 1-7,text,true,,266650,128,10,10,https://www.selenium.dev/downloads/,493,0,0
1784783622708,627,HTTP Request,200,OK,NON GUI TestCases Using CSV Files 1-4,text,true,,17517,129,10,10,https://www.demoblaze.com/index.html,604,0,0
1784783623077,258,HTTP Request,200,OK,NON GUI TestCases Using CSV Files 1-3,text,true,,5086,129,10,10,https://www.demoblaze.com/index.html,252,0,0
1784783623046,403,HTTP Request,200,OK,NON GUI TestCases Using CSV Files 1-10,text,true,,52093,122,10,10,https://saucelabs.com/careers,402,0,0
1784783623450,86,HTTP Request,200,OK,NON GUI TestCases Using CSV Files 1-10,text,true,,29297,125,10,10,https://www.apache.org/licenses/,69,0,0
1784783623207,341,HTTP Request,200,OK,NON GUI TestCases Using CSV Files 1-6,text,true,,5082,129,10,10,https://www.demoblaze.com/index.html,333,0,0
1784783621042,2506,HTTP Request,200,OK,NON GUI TestCases Using CSV Files 1-5,text,true,,1143675,166,10,10,https://www.hollandandbarrett.com/shop/food-drink/?t=has_promotion%3Atrue,487,0,0
1784783622639,1063,HTTP Request,200,OK,NON GUI TestCases Using CSV Files 1-2,text,true,,36392,152,10,10,https://www.easycalculation.com/date-day/age-calculator.php,1061,0,0
1784783623049,773,HTTP Request,200,OK,NON GUI TestCases Using CSV Files 1-9,text,true,,18938,138,10,10,https://jmeter.apache.org/download_jmeter.cgi,742,0,0
1784783623253,601,HTTP Request,200,OK,NON GUI TestCases Using CSV Files 1-7,text,true,,18938,138,10,10,https://jmeter.apache.org/download_jmeter.cgi,581,0,0
1784783623550,309,HTTP Request,200,OK,NON GUI TestCases Using CSV Files 1-5,text,true,,266650,128,10,10,https://www.selenium.dev/downloads/,92,0,0
1784783623060,798,HTTP Request,200,OK,NON GUI TestCases Using CSV Files 1-8,text,true,,36392,152,10,10,https://www.easycalculation.com/date-day/age-calculator.php,793,0,0
1784783623219,662,HTTP Request,200,OK,NON GUI TestCases Using CSV Files 1-1,text,true,,360919,166,10,10,https://www.hollandandbarrett.com/shop/food-drink/?t=has_promotion%3Atrue,465,0,0
1784783623536,415,HTTP Request,200,OK,NON GUI TestCases Using CSV Files 1-10,text,true,,122022,148,10,10,https://practicetestautomation.com/practice-test-login/,356,0,0
1784783623824,134,HTTP Request,200,OK,NON GUI TestCases Using CSV Files 1-9,text,true,,12628,120,10,10,https://www.jenkins.io/doc/,125,0,0
1784783623854,212,HTTP Request,200,OK,NON GUI TestCases Using CSV Files 1-7,text,true,,12628,120,10,10,https://www.jenkins.io/doc/,97,0,0
1784783623336,754,HTTP Request,200,OK,NON GUI TestCases Using CSV Files 1-4,text,true,,36392,152,10,10,https://www.easycalculation.com/date-day/age-calculator.php,753,0,0
1784783623336,761,HTTP Request,200,OK,NON GUI TestCases Using CSV Files 1-3,text,true,,36392,152,10,10,https://www.easycalculation.com/date-day/age-calculator.php,759,0,0
1784783623881,224,HTTP Request,200,OK,NON GUI TestCases Using CSV Files 1-1,text,true,,266650,128,10,10,https://www.selenium.dev/downloads/,149,0,0
1784783623550,681,HTTP Request,200,OK,NON GUI TestCases Using CSV Files 1-6,text,true,,36392,152,10,10,https://www.easycalculation.com/date-day/age-calculator.php,679,0,0
1784783623958,279,HTTP Request,200,OK,NON GUI TestCases Using CSV Files 1-9,text,true,,52068,122,10,10,https://saucelabs.com/careers,273,0,0
1784783624066,261,HTTP Request,200,OK,NON GUI TestCases Using CSV Files 1-7,text,true,,52093,122,10,10,https://saucelabs.com/careers,261,0,0
1784783624238,90,HTTP Request,200,OK,NON GUI TestCases Using CSV Files 1-9,text,true,,29297,125,10,10,https://www.apache.org/licenses/,88,0,0
1784783624105,258,HTTP Request,200,OK,NON GUI TestCases Using CSV Files 1-1,text,true,,18896,138,10,10,https://jmeter.apache.org/download_jmeter.cgi,258,0,0
1784783624364,97,HTTP Request,200,OK,NON GUI TestCases Using CSV Files 1-1,text,true,,12628,120,10,10,https://www.jenkins.io/doc/,70,0,0
1784783624327,144,HTTP Request,200,OK,NON GUI TestCases Using CSV Files 1-7,text,true,,29297,125,10,10,https://www.apache.org/licenses/,122,0,0
1784783623859,625,HTTP Request,200,OK,NON GUI TestCases Using CSV Files 1-5,text,true,,18939,138,10,10,https://jmeter.apache.org/download_jmeter.cgi,616,0,0
1784783624484,101,HTTP Request,200,OK,NON GUI TestCases Using CSV Files 1-5,text,true,,12628,120,10,10,https://www.jenkins.io/doc/,94,0,0
1784783623859,778,HTTP Request,200,OK,NON GUI TestCases Using CSV Files 1-8,text,true,,1143201,166,10,10,https://www.hollandandbarrett.com/shop/food-drink/?t=has_promotion%3Atrue,521,0,0
1784783624461,201,HTTP Request,200,OK,NON GUI TestCases Using CSV Files 1-1,text,true,,52093,122,10,10,https://saucelabs.com/careers,201,0,0
1784783624662,89,HTTP Request,200,OK,NON GUI TestCases Using CSV Files 1-1,text,true,,29297,125,10,10,https://www.apache.org/licenses/,83,0,0
1784783624586,229,HTTP Request,200,OK,NON GUI TestCases Using CSV Files 1-5,text,true,,52093,122,10,10,https://saucelabs.com/careers,228,0,0
1784783624471,391,HTTP Request,200,OK,NON GUI TestCases Using CSV Files 1-7,text,true,,122026,148,10,10,https://practicetestautomation.com/practice-test-login/,343,0,0
1784783624815,94,HTTP Request,200,OK,NON GUI TestCases Using CSV Files 1-5,text,true,,29297,125,10,10,https://www.apache.org/licenses/,94,0,0
1784783623951,982,HTTP Request,200,OK,NON GUI TestCases Using CSV Files 1-10,text,true,,49101,132,10,10,https://automationexercise.com/products,929,0,0
1784783624638,413,HTTP Request,200,OK,NON GUI TestCases Using CSV Files 1-8,text,true,,266650,128,10,10,https://www.selenium.dev/downloads/,140,0,0
1784783623704,1457,HTTP Request,200,OK,NON GUI TestCases Using CSV Files 1-2,text,true,,368041,166,10,10,https://www.hollandandbarrett.com/shop/food-drink/?t=has_promotion%3Atrue,702,0,0
1784783624751,410,HTTP Request,200,OK,NON GUI TestCases Using CSV Files 1-1,text,true,,122030,148,10,10,https://practicetestautomation.com/practice-test-login/,354,0,0
1784783624231,1014,HTTP Request,200,OK,NON GUI TestCases Using CSV Files 1-6,text,true,,361038,166,10,10,https://www.hollandandbarrett.com/shop/food-drink/?t=has_promotion%3Atrue,678,0,0
1784783624862,423,HTTP Request,200,OK,NON GUI TestCases Using CSV Files 1-7,text,true,,49103,132,10,10,https://automationexercise.com/products,370,0,0
1784783624329,996,HTTP Request,200,OK,NON GUI TestCases Using CSV Files 1-9,text,true,,122032,148,10,10,https://practicetestautomation.com/practice-test-login/,945,0,0
1784783624933,392,HTTP Request,200,OK,NON GUI TestCases Using CSV Files 1-10,text,true,,5163,129,10,10,https://www.demoblaze.com/index.html,379,0,0
1784783625051,282,HTTP Request,200,OK,NON GUI TestCases Using CSV Files 1-8,text,true,,18951,138,10,10,https://jmeter.apache.org/download_jmeter.cgi,274,0,0
1784783624091,1282,HTTP Request,200,OK,NON GUI TestCases Using CSV Files 1-4,text,true,,363761,166,10,10,https://www.hollandandbarrett.com/shop/food-drink/?t=has_promotion%3Atrue,709,0,0
1784783625161,321,HTTP Request,200,OK,NON GUI TestCases Using CSV Files 1-2,text,true,,266650,128,10,10,https://www.selenium.dev/downloads/,124,0,0
1784783625246,250,HTTP Request,200,OK,NON GUI TestCases Using CSV Files 1-6,text,true,,266650,128,10,10,https://www.selenium.dev/downloads/,87,0,0
1784783625333,175,HTTP Request,200,OK,NON GUI TestCases Using CSV Files 1-8,text,true,,12628,120,10,10,https://www.jenkins.io/doc/,66,0,0
1784783625286,231,HTTP Request,200,OK,NON GUI TestCases Using CSV Files 1-7,text,true,,4957,129,10,10,https://www.demoblaze.com/index.html,222,0,0
1784783624097,1425,HTTP Request,200,OK,NON GUI TestCases Using CSV Files 1-3,text,true,,360952,166,10,10,https://www.hollandandbarrett.com/shop/food-drink/?t=has_promotion%3Atrue,857,0,0
1784783625161,478,HTTP Request,200,OK,NON GUI TestCases Using CSV Files 1-1,text,true,,49098,132,10,10,https://automationexercise.com/products,455,0,0
1784783625373,274,HTTP Request,200,OK,NON GUI TestCases Using CSV Files 1-4,text,true,,266650,128,9,9,https://www.selenium.dev/downloads/,108,0,0
1784783625522,370,HTTP Request,200,OK,NON GUI TestCases Using CSV Files 1-3,text,true,,266650,128,9,9,https://www.selenium.dev/downloads/,138,0,0
1784783624909,983,HTTP Request,200,OK,NON GUI TestCases Using CSV Files 1-5,text,true,,122024,148,9,9,https://practicetestautomation.com/practice-test-login/,924,0,0
1784783625508,394,HTTP Request,200,OK,NON GUI TestCases Using CSV Files 1-8,text,true,,52068,122,9,9,https://saucelabs.com/careers,394,0,0
1784783625903,68,HTTP Request,200,OK,NON GUI TestCases Using CSV Files 1-8,text,true,,29297,125,9,9,https://www.apache.org/licenses/,61,0,0
1784783625325,683,HTTP Request,200,OK,NON GUI TestCases Using CSV Files 1-10,text,true,,36392,152,9,9,https://www.easycalculation.com/date-day/age-calculator.php,683,0,0
1784783625482,577,HTTP Request,200,OK,NON GUI TestCases Using CSV Files 1-2,text,true,,18938,138,9,9,https://jmeter.apache.org/download_jmeter.cgi,562,0,0
1784783626059,62,HTTP Request,200,OK,NON GUI TestCases Using CSV Files 1-2,text,true,,12628,120,9,9,https://www.jenkins.io/doc/,40,0,0
1784783625892,243,HTTP Request,200,OK,NON GUI TestCases Using CSV Files 1-3,text,true,,18938,138,9,9,https://jmeter.apache.org/download_jmeter.cgi,225,0,0
1784783625496,676,HTTP Request,200,OK,NON GUI TestCases Using CSV Files 1-6,text,true,,18945,138,9,9,https://jmeter.apache.org/download_jmeter.cgi,650,0,0
1784783625517,678,HTTP Request,200,OK,NON GUI TestCases Using CSV Files 1-7,text,true,,36392,152,9,9,https://www.easycalculation.com/date-day/age-calculator.php,676,0,0
1784783626172,49,HTTP Request,200,OK,NON GUI TestCases Using CSV Files 1-6,text,true,,12628,120,9,9,https://www.jenkins.io/doc/,38,0,0
1784783626135,95,HTTP Request,200,OK,NON GUI TestCases Using CSV Files 1-3,text,true,,12627,120,9,9,https://www.jenkins.io/doc/,75,0,0
1784783625647,588,HTTP Request,200,OK,NON GUI TestCases Using CSV Files 1-4,text,true,,18958,138,9,9,https://jmeter.apache.org/download_jmeter.cgi,583,0,0
1784783625325,985,HTTP Request,200,OK,NON GUI TestCases Using CSV Files 1-9,text,true,,49099,132,9,9,https://automationexercise.com/products,943,0,0
1784783626235,106,HTTP Request,200,OK,NON GUI TestCases Using CSV Files 1-4,text,true,,12628,120,9,9,https://www.jenkins.io/doc/,82,0,0
1784783625972,418,HTTP Request,200,OK,NON GUI TestCases Using CSV Files 1-8,text,true,,122032,148,9,9,https://practicetestautomation.com/practice-test-login/,359,0,0
1784783626121,275,HTTP Request,200,OK,NON GUI TestCases Using CSV Files 1-2,text,true,,52068,122,9,9,https://saucelabs.com/careers,275,0,0
1784783626221,226,HTTP Request,200,OK,NON GUI TestCases Using CSV Files 1-6,text,true,,52068,122,9,9,https://saucelabs.com/careers,226,0,0
1784783626310,158,HTTP Request,200,OK,NON GUI TestCases Using CSV Files 1-9,text,true,,5051,129,9,9,https://www.demoblaze.com/index.html,157,0,0
1784783626230,264,HTTP Request,200,OK,NON GUI TestCases Using CSV Files 1-3,text,true,,52068,122,9,9,https://saucelabs.com/careers,263,0,0
1784783626447,48,HTTP Request,200,OK,NON GUI TestCases Using CSV Files 1-6,text,true,,29297,125,9,9,https://www.apache.org/licenses/,46,0,0
1784783626396,100,HTTP Request,200,OK,NON GUI TestCases Using CSV Files 1-2,text,true,,29297,125,9,9,https://www.apache.org/licenses/,97,0,0
1784783626342,163,HTTP Request,200,OK,NON GUI TestCases Using CSV Files 1-4,text,true,,52068,122,9,9,https://saucelabs.com/careers,163,0,0
1784783626494,121,HTTP Request,200,OK,NON GUI TestCases Using CSV Files 1-3,text,true,,29297,125,9,9,https://www.apache.org/licenses/,120,0,0
1784783626505,110,HTTP Request,200,OK,NON GUI TestCases Using CSV Files 1-4,text,true,,29297,125,9,9,https://www.apache.org/licenses/,109,0,0
1784783626390,401,HTTP Request,200,OK,NON GUI TestCases Using CSV Files 1-8,text,true,,49095,132,9,9,https://automationexercise.com/products,346,0,0
1784783625892,965,HTTP Request,200,OK,NON GUI TestCases Using CSV Files 1-5,text,true,,49093,132,8,8,https://automationexercise.com/products,937,0,0
1784783626496,478,HTTP Request,200,OK,NON GUI TestCases Using CSV Files 1-2,text,true,,122028,148,8,8,https://practicetestautomation.com/practice-test-login/,430,0,0
1784783626495,514,HTTP Request,200,OK,NON GUI TestCases Using CSV Files 1-6,text,true,,122028,148,8,8,https://practicetestautomation.com/practice-test-login/,424,0,0
1784783626616,397,HTTP Request,200,OK,NON GUI TestCases Using CSV Files 1-4,text,true,,122022,148,8,8,https://practicetestautomation.com/practice-test-login/,346,0,0
1784783626616,402,HTTP Request,200,OK,NON GUI TestCases Using CSV Files 1-3,text,true,,122024,148,8,8,https://practicetestautomation.com/practice-test-login/,336,0,0
1784783626857,165,HTTP Request,200,OK,NON GUI TestCases Using CSV Files 1-5,text,true,,5039,129,8,8,https://www.demoblaze.com/index.html,161,0,0
1784783626468,720,HTTP Request,200,OK,NON GUI TestCases Using CSV Files 1-9,text,true,,36392,152,8,8,https://www.easycalculation.com/date-day/age-calculator.php,720,0,0
1784783626975,386,HTTP Request,200,OK,NON GUI TestCases Using CSV Files 1-2,text,true,,49099,132,8,8,https://automationexercise.com/products,370,0,0
1784783627009,413,HTTP Request,200,OK,NON GUI TestCases Using CSV Files 1-6,text,true,,49091,132,7,7,https://automationexercise.com/products,380,0,0
1784783627018,418,HTTP Request,200,OK,NON GUI TestCases Using CSV Files 1-3,text,true,,48942,132,6,6,https://automationexercise.com/products,356,0,0
1784783627014,432,HTTP Request,200,OK,NON GUI TestCases Using CSV Files 1-4,text,true,,49105,132,5,5,https://automationexercise.com/products,379,0,0
1784783627022,719,HTTP Request,200,OK,NON GUI TestCases Using CSV Files 1-5,text,true,,36392,152,4,4,https://www.easycalculation.com/date-day/age-calculator.php,718,0,0
1784783627188,1273,HTTP Request,200,OK,NON GUI TestCases Using CSV Files 1-9,text,true,,365096,166,4,4,https://www.hollandandbarrett.com/shop/food-drink/?t=has_promotion%3Atrue,674,0,0
1784783626008,2532,HTTP Request,200,OK,NON GUI TestCases Using CSV Files 1-10,text,true,,1143212,166,4,4,https://www.hollandandbarrett.com/shop/food-drink/?t=has_promotion%3Atrue,678,0,0
1784783628539,271,HTTP Request,200,OK,NON GUI TestCases Using CSV Files 1-10,text,true,,266650,128,4,4,https://www.selenium.dev/downloads/,88,0,0
1784783628461,473,HTTP Request,200,OK,NON GUI TestCases Using CSV Files 1-9,text,true,,266650,128,4,4,https://www.selenium.dev/downloads/,166,0,0
1784783626195,2922,HTTP Request,200,OK,NON GUI TestCases Using CSV Files 1-7,text,true,,1163349,166,4,4,https://www.hollandandbarrett.com/shop/food-drink/?t=has_promotion%3Atrue,814,0,0
1784783628811,307,HTTP Request,200,OK,NON GUI TestCases Using CSV Files 1-10,text,true,,18923,138,4,4,https://jmeter.apache.org/download_jmeter.cgi,282,0,0
1784783628934,270,HTTP Request,200,OK,NON GUI TestCases Using CSV Files 1-9,text,true,,18929,138,4,4,https://jmeter.apache.org/download_jmeter.cgi,253,0,0
1784783629118,134,HTTP Request,200,OK,NON GUI TestCases Using CSV Files 1-10,text,true,,12628,120,4,4,https://www.jenkins.io/doc/,86,0,0
1784783629204,65,HTTP Request,200,OK,NON GUI TestCases Using CSV Files 1-9,text,true,,12628,120,4,4,https://www.jenkins.io/doc/,48,0,0
1784783629117,309,HTTP Request,200,OK,NON GUI TestCases Using CSV Files 1-7,text,true,,266650,128,4,4,https://www.selenium.dev/downloads/,135,0,0
1784783629252,263,HTTP Request,200,OK,NON GUI TestCases Using CSV Files 1-10,text,true,,52093,122,4,4,https://saucelabs.com/careers,263,0,0
1784783629269,278,HTTP Request,200,OK,NON GUI TestCases Using CSV Files 1-9,text,true,,52068,122,4,4,https://saucelabs.com/careers,278,0,0
1784783629515,70,HTTP Request,200,OK,NON GUI TestCases Using CSV Files 1-10,text,true,,29297,125,4,4,https://www.apache.org/licenses/,60,0,0
1784783629547,116,HTTP Request,200,OK,NON GUI TestCases Using CSV Files 1-9,text,true,,29297,125,4,4,https://www.apache.org/licenses/,103,0,0
1784783629426,249,HTTP Request,200,OK,NON GUI TestCases Using CSV Files 1-7,text,true,,18950,138,4,4,https://jmeter.apache.org/download_jmeter.cgi,234,0,0
1784783627741,2001,HTTP Request,200,OK,NON GUI TestCases Using CSV Files 1-5,text,true,,362369,166,4,4,https://www.hollandandbarrett.com/shop/food-drink/?t=has_promotion%3Atrue,1409,0,0
1784783629585,408,HTTP Request,200,OK,NON GUI TestCases Using CSV Files 1-10,text,true,,122022,148,4,4,https://practicetestautomation.com/practice-test-login/,372,0,0
1784783629675,368,HTTP Request,200,OK,NON GUI TestCases Using CSV Files 1-7,text,true,,12628,120,4,4,https://www.jenkins.io/doc/,283,0,0
1784783629663,581,HTTP Request,200,OK,NON GUI TestCases Using CSV Files 1-9,text,true,,122024,148,4,4,https://practicetestautomation.com/practice-test-login/,531,0,0
1784783629741,569,HTTP Request,200,OK,NON GUI TestCases Using CSV Files 1-5,text,true,,266650,128,4,4,https://www.selenium.dev/downloads/,303,0,0
1784783630043,541,HTTP Request,200,OK,NON GUI TestCases Using CSV Files 1-7,text,true,,52068,122,4,4,https://saucelabs.com/careers,541,0,0
1784783630584,122,HTTP Request,200,OK,NON GUI TestCases Using CSV Files 1-7,text,true,,29297,125,4,4,https://www.apache.org/licenses/,103,0,0
1784783630244,599,HTTP Request,200,OK,NON GUI TestCases Using CSV Files 1-9,text,true,,49091,132,4,4,https://automationexercise.com/products,565,0,0
1784783629993,918,HTTP Request,200,OK,NON GUI TestCases Using CSV Files 1-10,text,true,,49093,132,3,3,https://automationexercise.com/products,871,0,0
1784783630706,437,HTTP Request,200,OK,NON GUI TestCases Using CSV Files 1-7,text,true,,122024,148,2,2,https://practicetestautomation.com/practice-test-login/,376,0,0
1784783630310,834,HTTP Request,200,OK,NON GUI TestCases Using CSV Files 1-5,text,true,,18937,138,2,2,https://jmeter.apache.org/download_jmeter.cgi,834,0,0
1784783631144,278,HTTP Request,200,OK,NON GUI TestCases Using CSV Files 1-5,text,true,,12628,120,2,2,https://www.jenkins.io/doc/,265,0,0
1784783631423,250,HTTP Request,200,OK,NON GUI TestCases Using CSV Files 1-5,text,true,,52093,122,2,2,https://saucelabs.com/careers,250,0,0
1784783631674,85,HTTP Request,200,OK,NON GUI TestCases Using CSV Files 1-5,text,true,,29297,125,2,2,https://www.apache.org/licenses/,82,0,0
1784783631144,1135,HTTP Request,200,OK,NON GUI TestCases Using CSV Files 1-7,text,true,,49109,132,2,2,https://automationexercise.com/products,1106,0,0
1784783631760,1041,HTTP Request,200,OK,NON GUI TestCases Using CSV Files 1-5,text,true,,122024,148,1,1,https://practicetestautomation.com/practice-test-login/,1001,0,0
1784783632801,438,HTTP Request,200,OK,NON GUI TestCases Using CSV Files 1-5,text,true,,49095,132,1,1,https://automationexercise.com/products,435,0,0
